{
  "stage_0": {
    "stage": 0,
    "PSNR": 28.481899976730347,
    "SSIM": 0.9889316123723983,
    "successful_samples": 100,
    "model_path": "models\\stage_0_final.pth",
    "avg_inference_time_ms": 3.0825257301330566,
    "fps": 324.4092953465259,
    "input_size": [
      128,
      128
    ]
  },
  "stage_1": {
    "stage": 1,
    "PSNR": 29.09096896648407,
    "SSIM": 0.9903102904558182,
    "successful_samples": 100,
    "model_path": "models\\stage_1_final.pth",
    "avg_inference_time_ms": 5.098259449005127,
    "fps": 196.14537274974103,
    "input_size": [
      128,
      128
    ]
  },
  "stage_2": {
    "stage": 2,
    "PSNR": 28.720023894309996,
    "SSIM": 0.9893682318925857,
    "successful_samples": 100,
    "model_path": "models\\stage_2_final.pth",
    "avg_inference_time_ms": 4.295492172241211,
    "fps": 232.80219353263104,
    "input_size": [
      64,
      64
    ]
  },
  "stage_3": {
    "stage": 3,
    "PSNR": 28.02787926197052,
    "SSIM": 0.9885045975446701,
    "successful_samples": 100,
    "model_path": "models\\stage_3_final.pth",
    "avg_inference_time_ms": 3.9576172828674316,
    "fps": 252.67728750048946,
    "input_size": [
      64,
      64
    ]
  }
}