{
  "stage_0": {
    "PSNR": 28.427085204124452,
    "SSIM": 0.8452121019363403,
    "num_samples": 1000,
    "avg_inference_time_ms": 4.08963680267334,
    "fps": 244.52049124418912,
    "memory_allocated_mb": 12.17529296875,
    "memory_reserved_mb": 76.0,
    "model_path": "models\\stage_0_final.pth",
    "stage": 0
  },
  "stage_1": {
    "PSNR": 29.034466071128847,
    "SSIM": 0.8527984023094177,
    "num_samples": 1000,
    "avg_inference_time_ms": 5.065507888793945,
    "fps": 197.4135707521505,
    "memory_allocated_mb": 12.18017578125,
    "memory_reserved_mb": 76.0,
    "model_path": "models\\stage_1_final.pth",
    "stage": 1
  },
  "stage_2": {
    "PSNR": 28.696146636009217,
    "SSIM": 0.8448764085769653,
    "num_samples": 1000,
    "avg_inference_time_ms": 3.5069990158081055,
    "fps": 285.1440777406587,
    "memory_allocated_mb": 9.79736328125,
    "memory_reserved_mb": 282.0,
    "model_path": "models\\stage_2_final.pth",
    "stage": 2
  },
  "stage_3": {
    "PSNR": 28.058369040489197,
    "SSIM": 0.8271957635879517,
    "num_samples": 1000,
    "avg_inference_time_ms": 3.4995603561401367,
    "fps": 285.75017951767995,
    "memory_allocated_mb": 9.79736328125,
    "memory_reserved_mb": 282.0,
    "model_path": "models\\stage_3_final.pth",
    "stage": 3
  }
}